Dataset,Method,Top_K,Meta_Model,FS_Method,Best_n,R2,MSE,MAE,Selected_Features
prf2000_mean_raw_Aug_9input_QMinMax,RandomAverage,10,None,None,10,0.7685227644178343,4894.148233171297,49.99630415830934,"['pred_RF_XGB_RF_Top5', 'pred_RF_RF_Top15', 'pred_RFE_RF_XGB_Top5', 'pred_RF_XGB_Top30', 'pred_RF_XGB_XGB_Top17', 'pred_XGB_XGB_Top20', 'pred_RF_XGB_Top5', 'pred_RFE_RF_XGB_Top25', 'pred_RF_XGB_Top36', 'pred_XGB_XGB_Top5']"
prf2000_mean_raw_Aug_9input_QMinMax,TopKAverage,10,None,None,10,0.7737461576423652,4783.709465157226,50.58740458016972,"['pred_RF_XGB_XGB_Top17', 'pred_XGB_RF_Top14', 'pred_RF_XGB_RF_Top15', 'pred_RF_XGB_Top36', 'pred_XGB_XGB_Top20', 'pred_RF_RF_Top16', 'pred_RF_XGB_XGB_Top15', 'pred_XGB_XGB_Top15', 'pred_RF_RF_Top15', 'pred_RFE_RF_XGB_Top35']"
prf2000_mean_raw_Aug_9input_QMinMax,FS_MetaModel,10,LinearRegression,RF,2,0.7776283433870546,4701.627991981564,49.817148192104554,"['pred_RF_XGB_XGB_Top15', 'pred_RF_XGB_RF_Top15']"
prf2000_mean_raw_Aug_9input_QMinMax,FS_MetaModel,10,RandomForest,RF,2,0.7499000749463607,5287.88977127325,54.34973897301586,"['pred_RF_XGB_XGB_Top15', 'pred_RF_XGB_RF_Top15']"
prf2000_mean_raw_Aug_9input_QMinMax,FS_MetaModel,10,XGBoost,RF,10,0.7333790651722856,5637.19526817294,53.46847449536474,"['pred_RF_XGB_XGB_Top15', 'pred_RF_XGB_RF_Top15', 'pred_XGB_XGB_Top20', 'pred_RF_XGB_Top36', 'pred_RF_RF_Top15', 'pred_XGB_RF_Top14', 'pred_RF_XGB_XGB_Top17', 'pred_RFE_RF_XGB_Top35', 'pred_XGB_XGB_Top15', 'pred_RF_RF_Top16']"
prf2000_mean_raw_Aug_9input_QMinMax,FS_MetaModel,10,LinearRegression,RFE_RF,5,0.7727170170405281,4805.468696234521,50.58417099230493,"['pred_RF_XGB_RF_Top15', 'pred_RF_XGB_Top36', 'pred_XGB_XGB_Top20', 'pred_RF_XGB_XGB_Top15', 'pred_RF_RF_Top15']"
prf2000_mean_raw_Aug_9input_QMinMax,FS_MetaModel,10,RandomForest,RFE_RF,9,0.7420722699022241,5453.393900135077,54.95346036190476,"['pred_RF_XGB_XGB_Top17', 'pred_XGB_RF_Top14', 'pred_RF_XGB_RF_Top15', 'pred_RF_XGB_Top36', 'pred_XGB_XGB_Top20', 'pred_RF_XGB_XGB_Top15', 'pred_XGB_XGB_Top15', 'pred_RF_RF_Top15', 'pred_RFE_RF_XGB_Top35']"
prf2000_mean_raw_Aug_9input_QMinMax,FS_MetaModel,10,XGBoost,RFE_RF,10,0.7239937305029602,5835.630414394029,55.03557677623884,"['pred_RF_XGB_XGB_Top17', 'pred_XGB_RF_Top14', 'pred_RF_XGB_RF_Top15', 'pred_RF_XGB_Top36', 'pred_XGB_XGB_Top20', 'pred_RF_RF_Top16', 'pred_RF_XGB_XGB_Top15', 'pred_XGB_XGB_Top15', 'pred_RF_RF_Top15', 'pred_RFE_RF_XGB_Top35']"
prf2000_mean_raw_Aug_9input_QMinMax,FS_MetaModel,10,LinearRegression,XGB,4,0.7757766002524804,4740.779597397837,50.554667574813195,"['pred_RF_XGB_RF_Top15', 'pred_RF_RF_Top15', 'pred_XGB_XGB_Top15', 'pred_RF_XGB_XGB_Top15']"
prf2000_mean_raw_Aug_9input_QMinMax,FS_MetaModel,10,RandomForest,XGB,9,0.740877790214721,5478.648913387028,54.93941562698413,"['pred_RF_XGB_RF_Top15', 'pred_RF_RF_Top15', 'pred_XGB_XGB_Top15', 'pred_RF_XGB_XGB_Top15', 'pred_XGB_XGB_Top20', 'pred_XGB_RF_Top14', 'pred_RF_XGB_Top36', 'pred_RF_XGB_XGB_Top17', 'pred_RFE_RF_XGB_Top35']"
prf2000_mean_raw_Aug_9input_QMinMax,FS_MetaModel,10,XGBoost,XGB,10,0.742192420017914,5450.85355324118,53.61539292889094,"['pred_RF_XGB_RF_Top15', 'pred_RF_RF_Top15', 'pred_XGB_XGB_Top15', 'pred_RF_XGB_XGB_Top15', 'pred_XGB_XGB_Top20', 'pred_XGB_RF_Top14', 'pred_RF_XGB_Top36', 'pred_RF_XGB_XGB_Top17', 'pred_RFE_RF_XGB_Top35', 'pred_RF_RF_Top16']"
prf2000_mean_raw_Aug_9input_QMinMax,FS_MetaModel,10,LinearRegression,RF_XGB,3,0.7770324342219234,4714.227363925515,49.792507075981895,"['pred_RF_XGB_RF_Top15', 'pred_RF_RF_Top15', 'pred_RF_XGB_XGB_Top15']"
prf2000_mean_raw_Aug_9input_QMinMax,FS_MetaModel,10,RandomForest,RF_XGB,9,0.740846296450569,5479.314789449495,55.02311849047618,"['pred_RF_XGB_RF_Top15', 'pred_RF_RF_Top15', 'pred_RF_XGB_XGB_Top15', 'pred_XGB_XGB_Top20', 'pred_XGB_XGB_Top15', 'pred_RF_XGB_Top36', 'pred_XGB_RF_Top14', 'pred_RF_XGB_XGB_Top17', 'pred_RFE_RF_XGB_Top35']"
prf2000_mean_raw_Aug_9input_QMinMax,FS_MetaModel,10,XGBoost,RF_XGB,10,0.7458954358594158,5372.560288711252,53.21063586818906,"['pred_RF_XGB_RF_Top15', 'pred_RF_RF_Top15', 'pred_RF_XGB_XGB_Top15', 'pred_XGB_XGB_Top20', 'pred_XGB_XGB_Top15', 'pred_RF_XGB_Top36', 'pred_XGB_RF_Top14', 'pred_RF_XGB_XGB_Top17', 'pred_RFE_RF_XGB_Top35', 'pred_RF_RF_Top16']"
prf2000_mean_raw_Aug_9input_QMinMax,RandomAverage,20,None,None,20,0.7755593925761528,4745.372042796007,49.50737207699738,"['pred_RFE_RF_XGB_Top25', 'pred_RF_XGB_Top20', 'pred_RF_XGB_XGB_Top10', 'pred_RFE_RF_RF_Top5', 'pred_RF_XGB_XGB_Top17', 'pred_RFE_RF_XGB_Top30', 'pred_RFE_RF_RF_Top15', 'pred_RF_XGB_Top10', 'pred_RF_XGB_RF_Top5', 'pred_XGB_XGB_Top15', 'pred_XGB_XGB_Top20', 'pred_XGB_RF_Top14', 'pred_RFE_RF_RF_Top10', 'pred_RF_XGB_Top36', 'pred_RFE_RF_XGB_Top5', 'pred_RFE_RF_XGB_Top35', 'pred_XGB_XGB_Top5', 'pred_RF_XGB_Top30', 'pred_XGB_RF_Top10', 'pred_RF_XGB_Top15']"
prf2000_mean_raw_Aug_9input_QMinMax,TopKAverage,20,None,None,20,0.7742757121238147,4772.51303746862,50.236808263367756,"['pred_RF_XGB_XGB_Top17', 'pred_XGB_RF_Top14', 'pred_RF_XGB_RF_Top15', 'pred_RF_XGB_Top36', 'pred_XGB_XGB_Top20', 'pred_RF_RF_Top16', 'pred_RF_XGB_XGB_Top15', 'pred_XGB_XGB_Top15', 'pred_RF_RF_Top15', 'pred_RFE_RF_XGB_Top35', 'pred_RFE_RF_RF_Top20', 'pred_RF_XGB_RF_Top10', 'pred_RFE_RF_RF_Top15', 'pred_XGB_RF_Top10', 'pred_RFE_RF_RF_Top10', 'pred_RF_XGB_Top20', 'pred_RF_RF_Top10', 'pred_RFE_RF_RF_Top5', 'pred_RF_XGB_Top35', 'pred_RFE_RF_XGB_Top25']"
prf2000_mean_raw_Aug_9input_QMinMax,FS_MetaModel,20,LinearRegression,RF,6,0.7736878067837669,4784.943183672979,50.310138319679986,"['pred_RF_XGB_XGB_Top15', 'pred_XGB_XGB_Top20', 'pred_RFE_RF_RF_Top15', 'pred_RF_XGB_Top36', 'pred_RF_XGB_RF_Top15', 'pred_RFE_RF_RF_Top20']"
prf2000_mean_raw_Aug_9input_QMinMax,FS_MetaModel,20,RandomForest,RF,17,0.7635007900261873,5000.328381012167,52.42404163333333,"['pred_RF_XGB_XGB_Top15', 'pred_XGB_XGB_Top20', 'pred_RFE_RF_RF_Top15', 'pred_RF_XGB_Top36', 'pred_RF_XGB_RF_Top15', 'pred_RFE_RF_RF_Top20', 'pred_RF_RF_Top15', 'pred_RF_XGB_Top20', 'pred_RF_XGB_XGB_Top17', 'pred_RFE_RF_RF_Top5', 'pred_RF_RF_Top10', 'pred_RFE_RF_XGB_Top35', 'pred_XGB_RF_Top14', 'pred_XGB_XGB_Top15', 'pred_RFE_RF_RF_Top10', 'pred_RF_XGB_Top35', 'pred_RF_XGB_RF_Top10']"
prf2000_mean_raw_Aug_9input_QMinMax,FS_MetaModel,20,XGBoost,RF,19,0.7468060272334591,5353.307556781879,57.302977241424216,"['pred_RF_XGB_XGB_Top15', 'pred_XGB_XGB_Top20', 'pred_RFE_RF_RF_Top15', 'pred_RF_XGB_Top36', 'pred_RF_XGB_RF_Top15', 'pred_RFE_RF_RF_Top20', 'pred_RF_RF_Top15', 'pred_RF_XGB_Top20', 'pred_RF_XGB_XGB_Top17', 'pred_RFE_RF_RF_Top5', 'pred_RF_RF_Top10', 'pred_RFE_RF_XGB_Top35', 'pred_XGB_RF_Top14', 'pred_XGB_XGB_Top15', 'pred_RFE_RF_RF_Top10', 'pred_RF_XGB_Top35', 'pred_RF_XGB_RF_Top10', 'pred_RFE_RF_XGB_Top25', 'pred_RF_RF_Top16']"
prf2000_mean_raw_Aug_9input_QMinMax,FS_MetaModel,20,LinearRegression,RFE_RF,2,0.7749894939234445,4757.421471661978,50.03383313506554,"['pred_RF_XGB_XGB_Top15', 'pred_RFE_RF_RF_Top15']"
prf2000_mean_raw_Aug_9input_QMinMax,FS_MetaModel,20,RandomForest,RFE_RF,18,0.7632419044440895,5005.80202688076,52.55857034761904,"['pred_RF_XGB_XGB_Top17', 'pred_XGB_RF_Top14', 'pred_RF_XGB_RF_Top15', 'pred_RF_XGB_Top36', 'pred_XGB_XGB_Top20', 'pred_RF_XGB_XGB_Top15', 'pred_XGB_XGB_Top15', 'pred_RF_RF_Top15', 'pred_RFE_RF_XGB_Top35', 'pred_RFE_RF_RF_Top20', 'pred_RF_XGB_RF_Top10', 'pred_RFE_RF_RF_Top15', 'pred_RFE_RF_RF_Top10', 'pred_RF_XGB_Top20', 'pred_RF_RF_Top10', 'pred_RFE_RF_RF_Top5', 'pred_RF_XGB_Top35', 'pred_RFE_RF_XGB_Top25']"
prf2000_mean_raw_Aug_9input_QMinMax,FS_MetaModel,20,XGBoost,RFE_RF,20,0.7579998677582608,5116.634975613902,52.64284153968991,"['pred_RF_XGB_XGB_Top17', 'pred_XGB_RF_Top14', 'pred_RF_XGB_RF_Top15', 'pred_RF_XGB_Top36', 'pred_XGB_XGB_Top20', 'pred_RF_RF_Top16', 'pred_RF_XGB_XGB_Top15', 'pred_XGB_XGB_Top15', 'pred_RF_RF_Top15', 'pred_RFE_RF_XGB_Top35', 'pred_RFE_RF_RF_Top20', 'pred_RF_XGB_RF_Top10', 'pred_RFE_RF_RF_Top15', 'pred_XGB_RF_Top10', 'pred_RFE_RF_RF_Top10', 'pred_RF_XGB_Top20', 'pred_RF_RF_Top10', 'pred_RFE_RF_RF_Top5', 'pred_RF_XGB_Top35', 'pred_RFE_RF_XGB_Top25']"
prf2000_mean_raw_Aug_9input_QMinMax,FS_MetaModel,20,LinearRegression,XGB,6,0.7736845119777949,4785.012846112078,50.21589016103427,"['pred_RFE_RF_RF_Top15', 'pred_RFE_RF_RF_Top10', 'pred_RF_XGB_RF_Top10', 'pred_XGB_RF_Top14', 'pred_RF_XGB_XGB_Top15', 'pred_RFE_RF_XGB_Top25']"
prf2000_mean_raw_Aug_9input_QMinMax,FS_MetaModel,20,RandomForest,XGB,3,0.7757208703854565,4741.957900005195,52.93857308095235,"['pred_RFE_RF_RF_Top15', 'pred_RFE_RF_RF_Top10', 'pred_RF_XGB_RF_Top10']"
prf2000_mean_raw_Aug_9input_QMinMax,FS_MetaModel,20,XGBoost,XGB,20,0.7554161148107874,5171.263543693286,53.31135252837225,"['pred_RFE_RF_RF_Top15', 'pred_RFE_RF_RF_Top10', 'pred_RF_XGB_RF_Top10', 'pred_XGB_RF_Top14', 'pred_RF_XGB_XGB_Top15', 'pred_RFE_RF_XGB_Top25', 'pred_XGB_XGB_Top20', 'pred_RF_XGB_Top36', 'pred_RF_RF_Top10', 'pred_XGB_XGB_Top15', 'pred_XGB_RF_Top10', 'pred_RF_RF_Top15', 'pred_RF_XGB_RF_Top15', 'pred_RFE_RF_RF_Top20', 'pred_RFE_RF_RF_Top5', 'pred_RF_XGB_XGB_Top17', 'pred_RF_RF_Top16', 'pred_RF_XGB_Top35', 'pred_RFE_RF_XGB_Top35', 'pred_RF_XGB_Top20']"
prf2000_mean_raw_Aug_9input_QMinMax,FS_MetaModel,20,LinearRegression,RF_XGB,2,0.7749894939234445,4757.421471661978,50.03383313506553,"['pred_RFE_RF_RF_Top15', 'pred_RF_XGB_XGB_Top15']"
prf2000_mean_raw_Aug_9input_QMinMax,FS_MetaModel,20,RandomForest,RF_XGB,19,0.7654113016878219,4959.93422627066,51.57329525873015,"['pred_RFE_RF_RF_Top15', 'pred_RF_XGB_XGB_Top15', 'pred_RFE_RF_RF_Top10', 'pred_XGB_XGB_Top20', 'pred_RF_XGB_RF_Top10', 'pred_RF_XGB_Top36', 'pred_RF_XGB_RF_Top15', 'pred_RFE_RF_RF_Top20', 'pred_RF_RF_Top15', 'pred_XGB_RF_Top14', 'pred_RF_RF_Top10', 'pred_RFE_RF_RF_Top5', 'pred_RF_XGB_XGB_Top17', 'pred_RF_XGB_Top20', 'pred_RFE_RF_XGB_Top25', 'pred_XGB_XGB_Top15', 'pred_RFE_RF_XGB_Top35', 'pred_RF_XGB_Top35', 'pred_XGB_RF_Top10']"
prf2000_mean_raw_Aug_9input_QMinMax,FS_MetaModel,20,XGBoost,RF_XGB,19,0.7633046498457707,5004.475394065201,53.77212791481025,"['pred_RFE_RF_RF_Top15', 'pred_RF_XGB_XGB_Top15', 'pred_RFE_RF_RF_Top10', 'pred_XGB_XGB_Top20', 'pred_RF_XGB_RF_Top10', 'pred_RF_XGB_Top36', 'pred_RF_XGB_RF_Top15', 'pred_RFE_RF_RF_Top20', 'pred_RF_RF_Top15', 'pred_XGB_RF_Top14', 'pred_RF_RF_Top10', 'pred_RFE_RF_RF_Top5', 'pred_RF_XGB_XGB_Top17', 'pred_RF_XGB_Top20', 'pred_RFE_RF_XGB_Top25', 'pred_XGB_XGB_Top15', 'pred_RFE_RF_XGB_Top35', 'pred_RF_XGB_Top35', 'pred_XGB_RF_Top10']"
prf2000_mean_raw_Aug_9input_QMinMax,RandomAverage,30,None,None,30,0.7758444869321807,4739.344261984939,49.176286915472886,"['pred_RFE_RF_RF_Top20', 'pred_RFE_RF_XGB_Top25', 'pred_RFE_RF_RF_Top15', 'pred_RFE_RF_RF_Top5', 'pred_RF_XGB_Top10', 'pred_RF_RF_Top15', 'pred_RF_XGB_RF_Top10', 'pred_RF_XGB_Top15', 'pred_RF_XGB_Top25', 'pred_RFE_RF_RF_Top10', 'pred_XGB_RF_Top14', 'pred_RF_RF_Top5', 'pred_RF_RF_Top10', 'pred_XGB_XGB_Top15', 'pred_RF_XGB_XGB_Top17', 'pred_RF_XGB_XGB_Top10', 'pred_RFE_RF_XGB_Top5', 'pred_XGB_XGB_Top5', 'pred_RF_XGB_Top20', 'pred_XGB_RF_Top10', 'pred_XGB_XGB_Top20', 'pred_RFE_RF_XGB_Top35', 'pred_XGB_RF_Top5', 'pred_RFE_RF_XGB_Top20', 'pred_RF_XGB_Top35', 'pred_RF_XGB_Top30', 'pred_RF_XGB_Top36', 'pred_RF_XGB_XGB_Top5', 'pred_RFE_RF_XGB_Top10', 'pred_RF_XGB_XGB_Top15']"
prf2000_mean_raw_Aug_9input_QMinMax,TopKAverage,30,None,None,30,0.7782642945333733,4688.182008097612,49.415402754458256,"['pred_RF_XGB_XGB_Top17', 'pred_XGB_RF_Top14', 'pred_RF_XGB_RF_Top15', 'pred_RF_XGB_Top36', 'pred_XGB_XGB_Top20', 'pred_RF_RF_Top16', 'pred_RF_XGB_XGB_Top15', 'pred_XGB_XGB_Top15', 'pred_RF_RF_Top15', 'pred_RFE_RF_XGB_Top35', 'pred_RFE_RF_RF_Top20', 'pred_RF_XGB_RF_Top10', 'pred_RFE_RF_RF_Top15', 'pred_XGB_RF_Top10', 'pred_RFE_RF_RF_Top10', 'pred_RF_XGB_Top20', 'pred_RF_RF_Top10', 'pred_RFE_RF_RF_Top5', 'pred_RF_XGB_Top35', 'pred_RFE_RF_XGB_Top25', 'pred_RF_XGB_Top25', 'pred_RF_XGB_Top30', 'pred_XGB_XGB_Top10', 'pred_RF_XGB_XGB_Top10', 'pred_RFE_RF_XGB_Top30', 'pred_RFE_RF_XGB_Top15', 'pred_RF_XGB_Top15', 'pred_RFE_RF_XGB_Top10', 'pred_RFE_RF_XGB_Top20', 'pred_RF_XGB_Top10']"
prf2000_mean_raw_Aug_9input_QMinMax,FS_MetaModel,30,LinearRegression,RF,2,0.7749894939234445,4757.421471661978,50.03383313506554,"['pred_RF_XGB_XGB_Top15', 'pred_RFE_RF_RF_Top15']"
prf2000_mean_raw_Aug_9input_QMinMax,FS_MetaModel,30,RandomForest,RF,23,0.7600065534388526,5074.207403185458,51.75736990476191,"['pred_RF_XGB_XGB_Top15', 'pred_RFE_RF_RF_Top15', 'pred_XGB_XGB_Top20', 'pred_RF_XGB_Top36', 'pred_RF_XGB_RF_Top15', 'pred_RF_RF_Top15', 'pred_RFE_RF_RF_Top20', 'pred_RF_XGB_Top20', 'pred_RF_RF_Top10', 'pred_RFE_RF_RF_Top5', 'pred_XGB_RF_Top14', 'pred_RF_XGB_XGB_Top17', 'pred_RF_XGB_Top15', 'pred_RFE_RF_XGB_Top35', 'pred_RF_XGB_Top35', 'pred_XGB_XGB_Top15', 'pred_RF_XGB_RF_Top10', 'pred_RFE_RF_RF_Top10', 'pred_RF_XGB_Top25', 'pred_RFE_RF_XGB_Top25', 'pred_RFE_RF_XGB_Top20', 'pred_RF_XGB_XGB_Top10', 'pred_RF_XGB_Top30']"
prf2000_mean_raw_Aug_9input_QMinMax,FS_MetaModel,30,XGBoost,RF,27,0.7397154113075839,5503.225216367028,52.33972514776834,"['pred_RF_XGB_XGB_Top15', 'pred_RFE_RF_RF_Top15', 'pred_XGB_XGB_Top20', 'pred_RF_XGB_Top36', 'pred_RF_XGB_RF_Top15', 'pred_RF_RF_Top15', 'pred_RFE_RF_RF_Top20', 'pred_RF_XGB_Top20', 'pred_RF_RF_Top10', 'pred_RFE_RF_RF_Top5', 'pred_XGB_RF_Top14', 'pred_RF_XGB_XGB_Top17', 'pred_RF_XGB_Top15', 'pred_RFE_RF_XGB_Top35', 'pred_RF_XGB_Top35', 'pred_XGB_XGB_Top15', 'pred_RF_XGB_RF_Top10', 'pred_RFE_RF_RF_Top10', 'pred_RF_XGB_Top25', 'pred_RFE_RF_XGB_Top25', 'pred_RFE_RF_XGB_Top20', 'pred_RF_XGB_XGB_Top10', 'pred_RF_XGB_Top30', 'pred_RFE_RF_XGB_Top30', 'pred_RFE_RF_XGB_Top10', 'pred_RF_XGB_Top10', 'pred_RFE_RF_XGB_Top15']"
prf2000_mean_raw_Aug_9input_QMinMax,FS_MetaModel,30,LinearRegression,RFE_RF,2,0.7749894939234445,4757.421471661978,50.03383313506554,"['pred_RF_XGB_XGB_Top15', 'pred_RFE_RF_RF_Top15']"
prf2000_mean_raw_Aug_9input_QMinMax,FS_MetaModel,30,RandomForest,RFE_RF,23,0.7575803863487961,5125.504116433804,52.02878445396824,"['pred_RF_XGB_XGB_Top17', 'pred_XGB_RF_Top14', 'pred_RF_XGB_RF_Top15', 'pred_RF_XGB_Top36', 'pred_XGB_XGB_Top20', 'pred_RF_XGB_XGB_Top15', 'pred_XGB_XGB_Top15', 'pred_RF_RF_Top15', 'pred_RFE_RF_XGB_Top35', 'pred_RFE_RF_RF_Top20', 'pred_RF_XGB_RF_Top10', 'pred_RFE_RF_RF_Top15', 'pred_RFE_RF_RF_Top10', 'pred_RF_XGB_Top20', 'pred_RF_RF_Top10', 'pred_RFE_RF_RF_Top5', 'pred_RF_XGB_Top35', 'pred_RFE_RF_XGB_Top25', 'pred_RF_XGB_Top25', 'pred_RF_XGB_Top30', 'pred_RF_XGB_XGB_Top10', 'pred_RF_XGB_Top15', 'pred_RFE_RF_XGB_Top20']"
prf2000_mean_raw_Aug_9input_QMinMax,FS_MetaModel,30,XGBoost,RFE_RF,20,0.7464631713408638,5360.556596009246,56.82278230499585,"['pred_RF_XGB_XGB_Top17', 'pred_XGB_RF_Top14', 'pred_RF_XGB_RF_Top15', 'pred_RF_XGB_Top36', 'pred_XGB_XGB_Top20', 'pred_RF_XGB_XGB_Top15', 'pred_XGB_XGB_Top15', 'pred_RF_RF_Top15', 'pred_RFE_RF_XGB_Top35', 'pred_RFE_RF_RF_Top20', 'pred_RF_XGB_RF_Top10', 'pred_RFE_RF_RF_Top15', 'pred_RFE_RF_RF_Top10', 'pred_RF_XGB_Top20', 'pred_RF_RF_Top10', 'pred_RFE_RF_RF_Top5', 'pred_RF_XGB_Top35', 'pred_RF_XGB_Top25', 'pred_RF_XGB_XGB_Top10', 'pred_RF_XGB_Top15']"
prf2000_mean_raw_Aug_9input_QMinMax,FS_MetaModel,30,LinearRegression,XGB,4,0.7768574843480525,4717.926348034882,49.74373824997854,"['pred_RFE_RF_RF_Top15', 'pred_RF_XGB_RF_Top15', 'pred_RF_XGB_Top30', 'pred_RF_XGB_XGB_Top15']"
prf2000_mean_raw_Aug_9input_QMinMax,FS_MetaModel,30,RandomForest,XGB,9,0.7765592536888688,4724.231871124659,51.01069581746031,"['pred_RFE_RF_RF_Top15', 'pred_RF_XGB_RF_Top15', 'pred_RF_XGB_Top30', 'pred_RF_XGB_XGB_Top15', 'pred_RFE_RF_RF_Top5', 'pred_XGB_XGB_Top15', 'pred_RF_RF_Top10', 'pred_RFE_RF_XGB_Top25', 'pred_RFE_RF_XGB_Top15']"
prf2000_mean_raw_Aug_9input_QMinMax,FS_MetaModel,30,XGBoost,XGB,6,0.7663996625319821,4939.03720602149,52.6560274758457,"['pred_RFE_RF_RF_Top15', 'pred_RF_XGB_RF_Top15', 'pred_RF_XGB_Top30', 'pred_RF_XGB_XGB_Top15', 'pred_RFE_RF_RF_Top5', 'pred_XGB_XGB_Top15']"
prf2000_mean_raw_Aug_9input_QMinMax,FS_MetaModel,30,LinearRegression,RF_XGB,3,0.7770815504271227,4713.188894685585,49.768269888309874,"['pred_RFE_RF_RF_Top15', 'pred_RF_XGB_RF_Top15', 'pred_RF_XGB_XGB_Top15']"
prf2000_mean_raw_Aug_9input_QMinMax,FS_MetaModel,30,RandomForest,RF_XGB,22,0.7507508926348723,5269.9008408434065,52.657205334920626,"['pred_RFE_RF_RF_Top15', 'pred_RF_XGB_RF_Top15', 'pred_RF_XGB_XGB_Top15', 'pred_XGB_XGB_Top20', 'pred_RF_XGB_Top36', 'pred_RF_XGB_Top30', 'pred_RFE_RF_RF_Top5', 'pred_XGB_XGB_Top15', 'pred_RF_RF_Top10', 'pred_RFE_RF_RF_Top20', 'pred_RF_RF_Top15', 'pred_XGB_RF_Top14', 'pred_RF_XGB_Top20', 'pred_RFE_RF_XGB_Top35', 'pred_RF_XGB_Top15', 'pred_RFE_RF_XGB_Top25', 'pred_RF_XGB_XGB_Top17', 'pred_RF_XGB_Top25', 'pred_RFE_RF_XGB_Top30', 'pred_RF_XGB_Top35', 'pred_RFE_RF_RF_Top10', 'pred_RF_XGB_RF_Top10']"
prf2000_mean_raw_Aug_9input_QMinMax,FS_MetaModel,30,XGBoost,RF_XGB,29,0.7507013111533835,5270.94914747026,52.59884282070435,"['pred_RFE_RF_RF_Top15', 'pred_RF_XGB_RF_Top15', 'pred_RF_XGB_XGB_Top15', 'pred_XGB_XGB_Top20', 'pred_RF_XGB_Top36', 'pred_RF_XGB_Top30', 'pred_RFE_RF_RF_Top5', 'pred_XGB_XGB_Top15', 'pred_RF_RF_Top10', 'pred_RFE_RF_RF_Top20', 'pred_RF_RF_Top15', 'pred_XGB_RF_Top14', 'pred_RF_XGB_Top20', 'pred_RFE_RF_XGB_Top35', 'pred_RF_XGB_Top15', 'pred_RFE_RF_XGB_Top25', 'pred_RF_XGB_XGB_Top17', 'pred_RF_XGB_Top25', 'pred_RFE_RF_XGB_Top30', 'pred_RF_XGB_Top35', 'pred_RFE_RF_RF_Top10', 'pred_RF_XGB_RF_Top10', 'pred_RF_XGB_Top10', 'pred_RFE_RF_XGB_Top15', 'pred_RFE_RF_XGB_Top20', 'pred_RFE_RF_XGB_Top10', 'pred_RF_XGB_XGB_Top10', 'pred_XGB_XGB_Top10', 'pred_XGB_RF_Top10']"
prf2000_mean_raw_Aug_9input_QMinMax,RandomAverage,37,None,None,37,0.7756553430950165,4743.343350595724,49.00236150419841,"['pred_RF_XGB_Top25', 'pred_RF_XGB_XGB_Top17', 'pred_RFE_RF_XGB_Top30', 'pred_RF_XGB_XGB_Top10', 'pred_RF_XGB_XGB_Top5', 'pred_RF_XGB_Top35', 'pred_XGB_XGB_Top20', 'pred_RFE_RF_RF_Top5', 'pred_RF_RF_Top16', 'pred_RF_XGB_Top5', 'pred_RF_RF_Top15', 'pred_RF_XGB_RF_Top15', 'pred_RF_RF_Top10', 'pred_RF_RF_Top5', 'pred_RF_XGB_RF_Top5', 'pred_XGB_XGB_Top15', 'pred_RFE_RF_XGB_Top15', 'pred_RFE_RF_XGB_Top10', 'pred_RFE_RF_RF_Top20', 'pred_RF_XGB_Top10', 'pred_RFE_RF_XGB_Top35', 'pred_XGB_XGB_Top10', 'pred_XGB_RF_Top14', 'pred_XGB_RF_Top5', 'pred_RFE_RF_XGB_Top25', 'pred_RFE_RF_XGB_Top20', 'pred_XGB_RF_Top10', 'pred_RF_XGB_Top15', 'pred_RFE_RF_RF_Top15', 'pred_RF_XGB_Top20', 'pred_XGB_XGB_Top5', 'pred_RF_XGB_Top30', 'pred_RFE_RF_XGB_Top5', 'pred_RF_XGB_XGB_Top15', 'pred_RFE_RF_RF_Top10', 'pred_RF_XGB_Top36', 'pred_RF_XGB_RF_Top10']"
prf2000_mean_raw_Aug_9input_QMinMax,TopKAverage,37,None,None,37,0.7756553430950165,4743.343350595724,49.00236150419842,"['pred_RF_XGB_XGB_Top17', 'pred_XGB_RF_Top14', 'pred_RF_XGB_RF_Top15', 'pred_RF_XGB_Top36', 'pred_XGB_XGB_Top20', 'pred_RF_RF_Top16', 'pred_RF_XGB_XGB_Top15', 'pred_XGB_XGB_Top15', 'pred_RF_RF_Top15', 'pred_RFE_RF_XGB_Top35', 'pred_RFE_RF_RF_Top20', 'pred_RF_XGB_RF_Top10', 'pred_RFE_RF_RF_Top15', 'pred_XGB_RF_Top10', 'pred_RFE_RF_RF_Top10', 'pred_RF_XGB_Top20', 'pred_RF_RF_Top10', 'pred_RFE_RF_RF_Top5', 'pred_RF_XGB_Top35', 'pred_RFE_RF_XGB_Top25', 'pred_RF_XGB_Top25', 'pred_RF_XGB_Top30', 'pred_XGB_XGB_Top10', 'pred_RF_XGB_XGB_Top10', 'pred_RFE_RF_XGB_Top30', 'pred_RFE_RF_XGB_Top15', 'pred_RF_XGB_Top15', 'pred_RFE_RF_XGB_Top10', 'pred_RFE_RF_XGB_Top20', 'pred_RF_XGB_Top10', 'pred_RFE_RF_XGB_Top5', 'pred_RF_RF_Top5', 'pred_RF_XGB_RF_Top5', 'pred_XGB_RF_Top5', 'pred_RF_XGB_Top5', 'pred_XGB_XGB_Top5', 'pred_RF_XGB_XGB_Top5']"
prf2000_mean_raw_Aug_9input_QMinMax,FS_MetaModel,37,LinearRegression,RF,2,0.7750083167203748,4757.023499230225,49.866278302727814,"['pred_RF_RF_Top5', 'pred_RF_XGB_XGB_Top15']"
prf2000_mean_raw_Aug_9input_QMinMax,FS_MetaModel,37,RandomForest,RF,2,0.7821796169732291,4605.399922191309,48.545371326984124,"['pred_RF_RF_Top5', 'pred_RF_XGB_XGB_Top15']"
prf2000_mean_raw_Aug_9input_QMinMax,FS_MetaModel,37,XGBoost,RF,21,0.754376782094481,5193.238267749391,54.23344948370713,"['pred_RF_RF_Top5', 'pred_RF_XGB_XGB_Top15', 'pred_XGB_XGB_Top20', 'pred_RFE_RF_RF_Top15', 'pred_RF_XGB_Top5', 'pred_RF_XGB_Top36', 'pred_RF_XGB_RF_Top15', 'pred_RF_RF_Top10', 'pred_RFE_RF_RF_Top20', 'pred_RF_RF_Top15', 'pred_RF_XGB_XGB_Top17', 'pred_RF_XGB_Top20', 'pred_RF_XGB_XGB_Top5', 'pred_RFE_RF_XGB_Top5', 'pred_RFE_RF_XGB_Top35', 'pred_XGB_XGB_Top15', 'pred_RF_XGB_Top35', 'pred_XGB_XGB_Top5', 'pred_XGB_RF_Top14', 'pred_RF_XGB_Top15', 'pred_RFE_RF_RF_Top10']"
prf2000_mean_raw_Aug_9input_QMinMax,FS_MetaModel,37,LinearRegression,RFE_RF,3,0.775034128550304,4756.477756917705,49.941710121956554,"['pred_RF_XGB_XGB_Top15', 'pred_RFE_RF_RF_Top15', 'pred_RF_RF_Top5']"
prf2000_mean_raw_Aug_9input_QMinMax,FS_MetaModel,37,RandomForest,RFE_RF,3,0.7887287901935018,4466.930044304105,48.37896686031744,"['pred_RF_XGB_XGB_Top15', 'pred_RFE_RF_RF_Top15', 'pred_RF_RF_Top5']"
prf2000_mean_raw_Aug_9input_QMinMax,FS_MetaModel,37,XGBoost,RFE_RF,24,0.7432849454028532,5427.754170837777,53.691427746547205,"['pred_RF_XGB_XGB_Top17', 'pred_XGB_RF_Top14', 'pred_RF_XGB_RF_Top15', 'pred_RF_XGB_Top36', 'pred_XGB_XGB_Top20', 'pred_RF_XGB_XGB_Top15', 'pred_XGB_XGB_Top15', 'pred_RF_RF_Top15', 'pred_RFE_RF_XGB_Top35', 'pred_RFE_RF_RF_Top20', 'pred_RF_XGB_RF_Top10', 'pred_RFE_RF_RF_Top15', 'pred_RFE_RF_RF_Top10', 'pred_RF_XGB_Top20', 'pred_RF_RF_Top10', 'pred_RFE_RF_RF_Top5', 'pred_RF_XGB_Top35', 'pred_RFE_RF_XGB_Top25', 'pred_RF_XGB_Top30', 'pred_RF_XGB_Top15', 'pred_RFE_RF_XGB_Top5', 'pred_RF_RF_Top5', 'pred_RF_XGB_Top5', 'pred_XGB_XGB_Top5']"
prf2000_mean_raw_Aug_9input_QMinMax,FS_MetaModel,37,LinearRegression,XGB,7,0.7755763130098576,4745.014292235729,49.85652978403446,"['pred_RFE_RF_RF_Top15', 'pred_RF_RF_Top5', 'pred_RFE_RF_RF_Top10', 'pred_RFE_RF_XGB_Top30', 'pred_RF_XGB_RF_Top15', 'pred_RFE_RF_XGB_Top25', 'pred_RF_XGB_XGB_Top15']"
prf2000_mean_raw_Aug_9input_QMinMax,FS_MetaModel,37,RandomForest,XGB,32,0.7538678563008299,5203.998540860259,51.38698294920635,"['pred_RFE_RF_RF_Top15', 'pred_RF_RF_Top5', 'pred_RFE_RF_RF_Top10', 'pred_RFE_RF_XGB_Top30', 'pred_RF_XGB_RF_Top15', 'pred_RFE_RF_XGB_Top25', 'pred_RF_XGB_XGB_Top15', 'pred_XGB_XGB_Top20', 'pred_RFE_RF_XGB_Top35', 'pred_XGB_RF_Top14', 'pred_RF_XGB_Top36', 'pred_RF_XGB_Top15', 'pred_XGB_RF_Top10', 'pred_XGB_XGB_Top5', 'pred_RF_RF_Top10', 'pred_RF_XGB_Top5', 'pred_RF_XGB_Top10', 'pred_RFE_RF_XGB_Top15', 'pred_RF_RF_Top16', 'pred_RF_XGB_Top25', 'pred_RF_XGB_RF_Top10', 'pred_RFE_RF_XGB_Top10', 'pred_XGB_XGB_Top15', 'pred_RF_XGB_RF_Top5', 'pred_RFE_RF_XGB_Top20', 'pred_RF_XGB_Top20', 'pred_RF_XGB_Top35', 'pred_RFE_RF_XGB_Top5', 'pred_RF_XGB_Top30', 'pred_RFE_RF_RF_Top5', 'pred_XGB_XGB_Top10', 'pred_RFE_RF_RF_Top20']"
prf2000_mean_raw_Aug_9input_QMinMax,FS_MetaModel,37,XGBoost,XGB,3,0.73019888203845,5704.434224204528,53.18693097223493,"['pred_RFE_RF_RF_Top15', 'pred_RF_RF_Top5', 'pred_RFE_RF_RF_Top10']"
prf2000_mean_raw_Aug_9input_QMinMax,FS_MetaModel,37,LinearRegression,RF_XGB,3,0.775034128550304,4756.477756917705,49.941710121956554,"['pred_RFE_RF_RF_Top15', 'pred_RF_RF_Top5', 'pred_RF_XGB_XGB_Top15']"
prf2000_mean_raw_Aug_9input_QMinMax,FS_MetaModel,37,RandomForest,RF_XGB,3,0.7827023435890799,4594.3478568037,48.60943144920632,"['pred_RFE_RF_RF_Top15', 'pred_RF_RF_Top5', 'pred_RF_XGB_XGB_Top15']"
prf2000_mean_raw_Aug_9input_QMinMax,FS_MetaModel,37,XGBoost,RF_XGB,26,0.724951900303523,5815.3717266457115,54.76658947296137,"['pred_RFE_RF_RF_Top15', 'pred_RF_RF_Top5', 'pred_RF_XGB_XGB_Top15', 'pred_XGB_XGB_Top20', 'pred_RF_XGB_RF_Top15', 'pred_RFE_RF_RF_Top10', 'pred_RF_XGB_Top5', 'pred_RF_XGB_Top36', 'pred_RFE_RF_XGB_Top30', 'pred_RF_RF_Top10', 'pred_RFE_RF_RF_Top20', 'pred_RF_RF_Top15', 'pred_RFE_RF_XGB_Top35', 'pred_RF_XGB_Top20', 'pred_RF_XGB_XGB_Top17', 'pred_RFE_RF_XGB_Top25', 'pred_XGB_RF_Top14', 'pred_RF_XGB_Top15', 'pred_XGB_XGB_Top5', 'pred_RF_XGB_XGB_Top5', 'pred_RFE_RF_XGB_Top5', 'pred_XGB_XGB_Top15', 'pred_RF_XGB_Top35', 'pred_RF_XGB_RF_Top10', 'pred_RFE_RF_XGB_Top10', 'pred_RFE_RF_XGB_Top20']"
